{"cameraMode":{"drawMode":0,"name":"Shaded","section":"Shading Mode"},"sceneLighting":false,"audioPlay":false,"sceneViewState":{"m_AlwaysRefresh":false,"showFog":true,"showSkybox":false,"showFlares":true,"showImageEffects":true,"showParticleSystems":true,"showVisualEffectGraphs":true,"m_FxEnabled":true},"in2DMode":false,"pivot":{"x":0.22352313995361329,"y":2.0032336711883547,"z":-0.06888818740844727},"rotation":{"x":-0.12755157053470612,"y":-0.3390492796897888,"z":0.044917237013578418,"w":-0.9312535524368286},"size":7.880068778991699,"orthographic":true}