{"cameraMode":{"drawMode":0,"name":"Shaded","section":"Shading Mode"},"sceneLighting":false,"audioPlay":false,"sceneViewState":{"m_AlwaysRefresh":false,"showFog":true,"showSkybox":false,"showFlares":true,"showImageEffects":true,"showParticleSystems":true,"showVisualEffectGraphs":true,"m_FxEnabled":true},"in2DMode":false,"pivot":{"x":0.5021686553955078,"y":0.8000001907348633,"z":0.17960166931152345},"rotation":{"x":-0.12755157053470612,"y":-0.3390492796897888,"z":0.044917237013578418,"w":-0.9312535524368286},"size":15.676060676574707,"orthographic":true}