{"cameraMode":{"drawMode":0,"name":"Shaded","section":"Shading Mode"},"sceneLighting":true,"audioPlay":false,"sceneViewState":{"m_AlwaysRefresh":false,"showFog":true,"showSkybox":true,"showFlares":true,"showImageEffects":true,"showParticleSystems":true,"showVisualEffectGraphs":true,"m_FxEnabled":true},"in2DMode":false,"pivot":{"x":868.856689453125,"y":1000.3143920898438,"z":-1325.0233154296875},"rotation":{"x":-0.26942113041877749,"y":0.14802704751491548,"z":-0.04316683113574982,"w":-0.9508066177368164},"size":25.260948181152345,"orthographic":true}