{"cameraMode":{"drawMode":0,"name":"Shaded","section":"Shading Mode"},"sceneLighting":true,"audioPlay":false,"sceneViewState":{"m_AlwaysRefresh":false,"showFog":true,"showSkybox":true,"showFlares":true,"showImageEffects":true,"showParticleSystems":true,"showVisualEffectGraphs":true,"m_FxEnabled":true},"in2DMode":false,"pivot":{"x":478.47198486328127,"y":379.342041015625,"z":382.5641784667969},"rotation":{"x":0.7820110321044922,"y":0.00009507752838544548,"z":0.0008191493689082563,"w":0.6236240267753601},"size":296.36834716796877,"orthographic":true}