{"cameraMode":{"drawMode":0,"name":"Shaded","section":"Shading Mode"},"sceneLighting":false,"audioPlay":false,"sceneViewState":{"m_AlwaysRefresh":false,"showFog":true,"showSkybox":false,"showFlares":true,"showImageEffects":true,"showParticleSystems":true,"showVisualEffectGraphs":true,"m_FxEnabled":true},"in2DMode":false,"pivot":{"x":-1.3247127532958985,"y":-0.5345916748046875,"z":2.0815720558166506},"rotation":{"x":-0.12755157053470612,"y":-0.3390492796897888,"z":0.044917237013578418,"w":-0.9312535524368286},"size":27.958768844604493,"orthographic":true}