{"cameraMode":{"drawMode":0,"name":"Shaded","section":"Shading Mode"},"sceneLighting":false,"audioPlay":false,"sceneViewState":{"m_AlwaysRefresh":false,"showFog":true,"showSkybox":false,"showFlares":true,"showImageEffects":true,"showParticleSystems":true,"showVisualEffectGraphs":true,"m_FxEnabled":true},"in2DMode":false,"pivot":{"x":312.4326477050781,"y":-93.84925842285156,"z":-14.768752098083496},"rotation":{"x":0.06439864635467529,"y":-0.14142559468746186,"z":0.009204785339534283,"w":0.9878302216529846},"size":26.859159469604493,"orthographic":true}