{"cameraMode":{"drawMode":0,"name":"Shaded","section":"Shading Mode"},"sceneLighting":false,"audioPlay":false,"sceneViewState":{"m_AlwaysRefresh":false,"showFog":true,"showSkybox":false,"showFlares":true,"showImageEffects":true,"showParticleSystems":true,"showVisualEffectGraphs":true,"m_FxEnabled":true},"in2DMode":false,"pivot":{"x":7.112563133239746,"y":1.689793586730957,"z":-3.5071263313293459},"rotation":{"x":-0.061442017555236819,"y":0.31514668464660647,"z":0.020458661019802095,"w":0.9468759298324585},"size":3.06634259223938,"orthographic":true}